Abington,4
Anderson/ Woburn,2
Andover,5
Ashland,6
Attleboro,7
Auburndale,2
Ayer,8
place-bbsta,1A
Ballardvale,4
Bellevue,1
Belmont,1
Beverly,4
Beverly Farms,5
Blue Hill Avenue,1A
Boston Landing,1A
Bradford,7
place-brntn,2
Brandeis/ Roberts,2
Bridgewater,6
Brockton,4
Campello,5
Canton Center,3
Canton Junction,3
Chelsea,1A
Cohasset,4
Concord,5
Dedham Corp Center,2
East Weymouth,2
Endicott,2
Fairmount,1A
Fitchburg,8
place-forhl,1A
Forge Park / 495,6
Four Corners / Geneva,1A
Framingham,5
Franklin,6
Gloucester,7
Grafton,8
Greenbush,6
Greenwood,2
Halifax,7
Hamilton/ Wenham,5
Hanson,6
Hastings,3
Haverhill,7
Hersey,2
Highland,1
Holbrook/ Randolph,3
Hyde Park,1
Ipswich,6
Islington,3
place-jfk,1A
Kendal Green,3
Kingston,8
Lawrence,6
Lincoln,4
Littleton / Rte 495,7
Lowell,6
Lynn,2
place-mlmnl,1A
Mansfield,6
Melrose Highlands,1
Melrose Cedar Park,1
Mishawum,2
Middleborough/ Lakeville,8
Montello,4
Montserrat,4
Morton Street,1A
Nantasket Junction,4
Natick Center,4
Needham Center,2
Needham Heights,2
Needham Junction,2
Newburyport,8
Newmarket,1A
Newtonville,1
Norfolk,5
place-north,1A
North Beverly,5
North Billerica,5
North Leominster,8
North Scituate,5
North Wilmington,3
Norwood Central,3
Norwood Depot,3
Plimptonville,4
Plymouth,8
place-portr,1A
Prides Crossing,5
Providence,8
place-qnctr,1
Reading,2
Readville,2
River Works / GE Employees Only,2
Rockport,8
Roslindale Village,1
Route 128,2
Rowley,7
place-rugg,1A
Salem,3
Sharon,4
Shirley,8
Silver Hill,3
South Acton,6
South Attleboro,7
place-sstat,1A
South Weymouth,3
Southborough,6
Stoughton,4
Swampscott,3
Talbot Avenue,1A
TF Green Airport,9
Uphams Corner,1A
Wachusett,8
Wakefield,2
Walpole,4
Waltham,2
Waverley,1
Wedgemere,1
Wellesley Farms,3
Wellesley Hills,3
Wellesley Square,3
West Concord,5
West Gloucester,7
West Hingham,3
West Medford,1A
West Natick,4
West Newton,2
West Roxbury,1
Westborough,7
Weymouth Landing/ East Braintree,2
Whitman,5
Wickford Junction,10
Wilmington,3
Worcester,8
Manchester,6
Winchester Center,1
Windsor Gardens,4
Wyoming Hill,1
Yawkey,1A
11384,1A
176,1A
23391,1A
70014,1A
70015,1A
Back Bay,1A
Back Bay-01,1A
Back Bay-02,1A
Back Bay-03,1A
Back Bay-05,1A
Back Bay-07,1A
38671,2
70105,2
Braintree,2
Braintree-01,2
Braintree-02,2
10642,1A
70001,1A
875,1A
Forest Hills,1A
Forest Hills-01,1A
Forest Hills-02,1A
121,1A
70085,1A
70086,1A
70095,1A
70096,1A
JFK/UMASS,1A
5072,1A
5327,1A
53270,1A
70034,1A
70035,1A
Malden Center,1A
113,1A
114,1A
70026,1A
70027,1A
70205,1A
70206,1A
North Station,1A
North Station-01,1A
North Station-02,1A
North Station-03,1A
North Station-04,1A
North Station-05,1A
North Station-06,1A
North Station-07,1A
North Station-08,1A
North Station-09,1A
North Station-10,1A
23151,1A
2430,1A
70065,1A
70066,1A
Porter Square,1A
32000,1
32001,1
32002,1
32003,1
32004,1
32005,1
70101,1
70102,1
Quincy Center,1
17861,1A
17862,1A
17863,1A
70010,1A
70011,1A
Ruggles,1A
Ruggles-01,1A
Ruggles-02,1A
Ruggles-03,1A
70079,1A
70080,1A
74611,1A
74617,1A
South Station,1A
South Station-01,1A
South Station-02,1A
South Station-03,1A
South Station-04,1A
South Station-05,1A
South Station-06,1A
South Station-07,1A
South Station-08,1A
South Station-09,1A
South Station-10,1A
South Station-11,1A
South Station-12,1A
South Station-13,1A
place-WML-0025,1A
place-WR-0062,1
place-FB-0166,4
place-NHRML-0078,1
place-GB-0254,6
place-WML-0442,8
place-NHRML-0152,3
place-NEC-1659,10
place-PB-0212,5
place-GRB-0118,2
place-WML-0340,7
place-NB-0080,1
place-WML-0091,2
place-WML-0199,4
place-NHRML-0055,1A
place-GRB-0162,3
place-GB-0296,7
place-FR-0219,5
place-WML-0147,3
place-WML-0135,3
place-WML-0125,3
place-NHRML-0073,1
place-FR-0074,1
place-FR-0098,2
place-FB-0191,4
place-WR-0099,2
place-FR-3338,8
place-DB-2258,1A
place-NEC-1768,9
place-DB-2240,1A
place-ER-0128,3
place-SB-0189,4
place-WML-0274,6
place-PB-0158,3
place-NEC-1919,7
place-FR-0253,6
place-FR-0147,3
place-FR-0394,8
place-NEC-2108,4
place-ER-0168,3
place-ER-0312,7
place-NEC-2173,2
place-NB-0064,1
place-GB-0353,8
place-ER-0099,2
place-DB-0095,2
place-WR-0120,2
place-NEC-1851,8
place-GB-0222,5
place-PB-0356,8
place-FB-0177,4
place-FB-0143,3
place-FB-0148,3
place-WR-0163,3
place-GRB-0233,5
place-FR-0451,8
place-NHRML-0218,5
place-ER-0208,5
place-FB-0230,5
place-WML-0081,1
place-DB-2265,1A
place-ER-0362,8
place-NB-0120,2
place-NB-0137,2
place-NB-0127,2
place-WML-0177,4
place-GRB-0183,4
place-DB-2230,1A
place-GB-0198,4
place-MM-0186,4
place-MM-0356,8
place-NHRML-0116,2
place-WR-0067,1
place-WR-0075,1
place-NEC-2040,6
place-ER-0115,2
place-NHRML-0254,6
place-FR-0301,7
place-FR-0167,4
place-WR-0264,6
place-KB-0351,8
place-FR-0132,3
place-FB-0125,3
place-ER-0276,6
place-NEC-2203,1
place-MM-0150,3
place-NB-0076,1
place-NB-0109,2
place-WR-0329,7
place-FR-0137,3
place-PB-0245,6
place-ER-0227,5
place-PB-0281,7
place-WR-0085,2
place-GRB-0276,6
place-WML-0364,8
place-GB-0316,7
place-FB-0275,6
place-WML-0214,5
place-DB-2249,1A
place-FB-0303,6
place-FR-0494,8
place-DB-2205,1A
place-FB-0109,2
place-GRB-0146,2
place-FB-0118,2
place-FR-0201,5
place-GRB-0199,4
place-ER-0046,1A
place-NEC-2139,3
place-SB-0156,3
place-MM-0219,5
place-MM-0200,4
place-MM-0277,6
place-FR-0115,2
place-WR-0325,7
place-WML-0035,1A
place-DB-2222,1A
place-GB-0229,5
place-ER-0183,4
place-FR-0064,1
place-NB-0072,1
place-WR-0205,4
place-FR-0361,8
place-WML-0102,2
place-NEC-1969,7
place-WML-0252,6
place-WR-0228,5
place-NHRML-0127,2
place-PB-0194,4
place-FS-0049,4
